name,hash
bd_blur2d_vs.vso,2DB2DA3823BD965B
bd_blur_ps.pso,D94E164866C3B9BC
bd_blur_vs_env.vso,751D30DBE70E3D46
bd_blur_vs_norm.vso,BDFE99D62ABDCB4E
bd_caustics_cs_ps.pso,61305EC5F7D56995
bd_caustics_cs_vs.vso,F713F13E93F1058B
bd_caustics_ps.pso,02F3FE3370653D9B
bd_caustics_ps_ref.pso,C6AD22F960883F72
bd_caustics_vs.vso,CF26684E91E5F3BB
bd_cloud_ps.pso,9073EE0D67DB7BB0
bd_cloud_ps_ref.pso,503F1BB37B61E28B
bd_cloud_vs.vso,1CEBC34AA9B232F3
bd_cri_movie.pso,D8CEACA9D3C0F95C
bd_cri_movie.vso,815DF1B3CCBFAA4E
bd_cubeshadowmap_ps.pso,FEBCB77168713C2A
bd_cubeshadowmap_vs_env.vso,65729C491C404BB1
bd_cubeshadowmap_vs_norm.vso,40F395AAFAF56CF8
bd_cubeshadowmap_vs_wind.vso,633E2436CF2A76D1
bd_edge_ps.pso,6AFB0A3EBE58DFC9
bd_edge_vs_env.vso,319E3147D8E9C5D3
bd_edge_vs_norm.vso,AB65829F47D665EC
bd_effect_fog_ps.pso,DC393002A0F2992C
bd_effect_fog_vs.vso,0BAE0976E86DDEE6
bd_effect_ps.pso,3C8B39AF31C630D6
bd_effect_ps_heat.pso,EDCCF73C61B09E38
bd_effect_radiation_ps.pso,461A9F5989851028
bd_effect_radiation_vs.vso,1903BF9262D9A8B6
bd_effect_vs.vso,6EFC128D9B445D10
bd_effect_vs_heat.vso,363A7E3F0C875DC6
bd_frescowall_ps.pso,D487AC907C69A318
bd_frescowall_vs_env.vso,6EF51A1F576C5188
bd_frescowall_vs_norm.vso,AD754FAD33E206B2
bd_frosted_glass2d_ps.pso,90E3B7678E8666CE
bd_fur_cs_ps.pso,280F76BF9F8FA99F
bd_fur_cs_vs_env.vso,678DB59D527570E0
bd_fur_cs_vs_norm.vso,189B307BDBAAFE5A
bd_fur_ps.pso,D94FD5175EEE4951
bd_fur_ps_nz.pso,8F27CFD9F823B81D
bd_fur_ps_nz1.pso,F71AD7E90B661B3D
bd_fur_ps_nz2.pso,FFC12F60DD11E622
bd_fur_vs_env.vso,53E26B412BD4A169
bd_fur_vs_norm.vso,628B50ABE9109B18
bd_glass_cs_ps.pso,965F4E79A2FC5168
bd_glass_cs_vs_env.vso,06BBB579E78C1758
bd_glass_cs_vs_norm.vso,A685CB8777912E0E
bd_glass_ps.pso,9AF701FE87C858AE
bd_glass_ps_ref.pso,544FFACAA166E417
bd_glass_vs_env.vso,F81871C498EF4E2C
bd_glass_vs_norm.vso,7EAD756755F2E4E9
bd_lightshaft_ps.pso,5779DB44BCCB86E8
bd_lightshaft_ps_ref.pso,132B347D48296595
bd_lightshaft_vs.vso,ECB8437EA328F635
bd_mask2d_ps.pso,F9665618A35B43D8
bd_mask2d_vs.vso,F4DA0A47A8076B36
bd_mat2d_ps.pso,1A6D93C156959E87
bd_mirror_cs_ps.pso,AFFCC78BEA498460
bd_mirror_cs_vs_env.vso,71E1E2B844F1BB59
bd_mirror_cs_vs_norm.vso,B0EB1AAF7220E3E9
bd_mirror_ps.pso,8ADCF394F3205A06
bd_mirror_ps_ref.pso,517DE919265679D3
bd_mirror_vs_env.vso,450D68C649F11047
bd_mirror_vs_norm.vso,B5C88BB6295138CC
bd_normal_cs_ps.pso,05652917506AAFF8
bd_normal_cs_ps_barrier.pso,B67459EBC2815657
bd_normal_cs_ps_effect.pso,CD052E7F890AD159
bd_normal_cs_vs_env.vso,654D2D13CF725714
bd_normal_cs_vs_norm.vso,BB6AC0229237A4CB
bd_normal_cs_vs_wind.vso,939D29662A89087B
bd_normal_ps.pso,FB83DD3F5E67CEB7
bd_normal_ps_barrier.pso,CCA789890600F4B6
bd_normal_ps_dir.pso,D16823E3570521D7
bd_normal_ps_effect.pso,BD7D341EA90773E9
bd_normal_ps_effect_ref.pso,AC44D78300287029
bd_normal_ps_grassland.pso,424A608FE5A2ECA4
bd_normal_ps_grassland_ref.pso,E57391CB9EFF2DC5
bd_normal_ps_nolight.pso,2671BCF382F57026
bd_normal_ps_nosdw.pso,1EFE43A80940E668
bd_normal_ps_nosdw_dir.pso,58C017D28EAAE4E2
bd_normal_ps_nosdw_spot.pso,457282A93EE3C58F
bd_normal_ps_ref.pso,EB3ADDDCA069A291
bd_normal_ps_spot.pso,7276D92E89FD906D
bd_normal_ps_wind.pso,BEE9FB4516ADF0EF
bd_normal_vs_effect_env.vso,654D2D13CF725714
bd_normal_vs_effect_norm.vso,BB6AC0229237A4CB
bd_normal_vs_env.vso,450D68C649F11047
bd_normal_vs_grassland.vso,EEF848B8BB452176
bd_normal_vs_nolight_env.vso,654D2D13CF725714
bd_normal_vs_nolight_norm.vso,BB6AC0229237A4CB
bd_normal_vs_norm.vso,B5C88BB6295138CC
bd_normal_vs_nosdw_env.vso,654D2D13CF725714
bd_normal_vs_nosdw_norm.vso,BB6AC0229237A4CB
bd_normal_vs_wind.vso,418517871596B755
bd_pe_ps_brightpass.pso,FFDBD782126EB6E8
bd_pe_ps_colcoord.pso,D8F0F8BA9A0F14A6
bd_pe_ps_discolor.pso,F9ADCBCF92CA2258
bd_pe_ps_dof.pso,F6FF1BED057E0FC4
bd_pe_ps_dof_glare.pso,66FC81994AC2E6F0
bd_pe_ps_dof_quoter.pso,51DE4E8BB53154BE
bd_pe_ps_fisheye.pso,500521BAC3F60D5F
bd_pe_ps_heatshimmer.pso,E91190BD6F0C677D
bd_pe_ps_lenzflare.pso,540B8B07B2908FAB
bd_pe_ps_ms_ave.pso,57119886DF6D73C0
bd_pe_ps_ms_bright.pso,D386EA2FABF16CE9
bd_pe_ps_ms_tex.pso,620B403BCBBF1B98
bd_pe_ps_ms_weight.pso,1E2676BD7DBBE4F7
bd_pe_ps_noise.pso,A78FF7850A4C372E
bd_pe_ps_ntsc.pso,5B476664F31C6F18
bd_pe_ps_packed.pso,5C45045200D30CF0
bd_pe_ps_quoter.pso,77344D98A7F5B956
bd_pe_ps_reverse.pso,92B9BD677B2A3B82
bd_pe_ps_test.pso,77344D98A7F5B956
bd_pe_vs.vso,C1FCC6E345983D09
bd_shadowmap_ps.pso,3646F81DE849C63C
bd_shadowmap_vs_env.vso,C66371C73F3F3DAA
bd_shadowmap_vs_norm.vso,5CC574658DAC1520
bd_shadowmap_vs_wind.vso,2B4A6366A86C92F7
bd_shadownull_vs_env.vso,44B7F78077D6422D
bd_shadownull_vs_norm.vso,BFDDE4F82D9CF808
bd_shadownull_vs_wind.vso,02284EE4675206B1
bd_sharp2d_ps.pso,79327DC0013C4070
bd_simple2d_ps.pso,FF2C108217046270
bd_simple2d_vs.vso,280256B44D1C5B2E
bd_simple3d_ps.pso,FF2C108217046270
bd_simple3d_vs.vso,D506382F7512AA9E
bd_ssscatter_ps.pso,C416A47AC59B6D06
bd_ssscatter_ps_inner.pso,03913BE4A5194D9F
bd_ssscatter_ps_ref.pso,D24ED927BCD31706
bd_sunocc_ps.pso,63DD6C47EDFDF799
bd_sunocc_vs.vso,2E9B3C66DA786550
bd_toon_cs_ps.pso,10878AB1AD8F2060
bd_toon_cs_ps_sp.pso,16EAFBDC3D7B120F
bd_toon_cs_vs_env.vso,35F77353A3AFD560
bd_toon_cs_vs_norm.vso,2A672F73B2D85E92
bd_toon_ps.pso,DEE2B1556C478B0C
bd_toon_ps_nz.pso,5490CD78FB236EFC
bd_toon_ps_nz1.pso,FF1D9B680C0979C3
bd_toon_ps_nz2.pso,84BB0D31E8AE00A4
bd_toon_ps_ref.pso,D3A679F94675F358
bd_toon_ps_sp.pso,B6C9D371D5B29F0B
bd_toon_vs_env.vso,941E04676ACE94C0
bd_toon_vs_norm.vso,C3E56C6F5E7B1BAF
bd_water_cs_ps.pso,C582E1E201DC967D
bd_water_cs_vs.vso,D621DBBA97A74C00
bd_water_ps.pso,E89EEDF529DDB38D
bd_water_vs.vso,55EF71EE895181B9
bd_waterfall_cs_ps.pso,8164BB297528990B
bd_waterfall_cs_vs.vso,1E3E2D88EC11B626
bd_waterfall_ps.pso,C4CB4438AAEA8DEC
bd_waterfall_ps_ref.pso,98ACAF8DFAFD3BD9
bd_waterfall_vs.vso,602E7024AC2FC9F5
simple_2d_ps.pso,B1F85AA38C24F9EE
simple_2d_vs.vso,99391338B72CC3AC
