tech,col,skin,vso,pso
0,0,0,bd_normal_vs_norm.vso,bd_normal_ps.pso
0,0,1,bd_normal_vs_env.vso,bd_normal_ps.pso
0,1,0,bd_normal_cs_vs_norm.vso,bd_normal_cs_ps.pso
0,1,1,bd_normal_cs_vs_env.vso,bd_normal_cs_ps.pso
0,2,0,bd_shadowmap_vs_norm.vso,bd_shadowmap_ps.pso
0,2,1,bd_shadowmap_vs_env.vso,bd_shadowmap_ps.pso
0,3,0,bd_normal_vs_norm.vso,bd_normal_ps_ref.pso
0,3,1,bd_normal_vs_env.vso,bd_normal_ps_ref.pso
0,4,0,bd_normal_vs_norm.vso,bd_normal_ps.pso
0,4,1,bd_normal_vs_env.vso,bd_normal_ps.pso
0,5,0,bd_cubeshadowmap_vs_norm.vso,bd_cubeshadowmap_ps.pso
0,5,1,bd_cubeshadowmap_vs_env.vso,bd_cubeshadowmap_ps.pso
1,0,0,bd_toon_vs_norm.vso,bd_toon_ps.pso
1,0,1,bd_toon_vs_env.vso,bd_toon_ps.pso
1,1,0,bd_toon_cs_vs_norm.vso,bd_toon_cs_ps.pso
1,1,1,bd_toon_cs_vs_env.vso,bd_toon_cs_ps.pso
1,3,0,bd_toon_vs_norm.vso,bd_toon_ps_ref.pso
1,3,1,bd_toon_vs_env.vso,bd_toon_ps_ref.pso
1,4,0,bd_toon_vs_norm.vso,bd_toon_ps.pso
1,4,1,bd_toon_vs_env.vso,bd_toon_ps.pso
21,0,0,bd_toon_vs_norm.vso,bd_toon_ps_sp.pso
21,0,1,bd_toon_vs_env.vso,bd_toon_ps_sp.pso
21,1,0,bd_toon_cs_vs_norm.vso,bd_toon_cs_ps_sp.pso
21,1,1,bd_toon_cs_vs_env.vso,bd_toon_cs_ps_sp.pso
21,3,0,bd_toon_vs_norm.vso,bd_toon_ps_ref.pso
21,3,1,bd_toon_vs_env.vso,bd_toon_ps_ref.pso
21,4,0,bd_toon_vs_norm.vso,bd_toon_ps_sp.pso
21,4,1,bd_toon_vs_env.vso,bd_toon_ps_sp.pso
22,0,0,bd_toon_vs_norm.vso,bd_toon_ps_nz1.pso
22,0,1,bd_toon_vs_env.vso,bd_toon_ps_nz1.pso
23,0,0,bd_toon_vs_norm.vso,bd_toon_ps_nz2.pso
23,0,1,bd_toon_vs_env.vso,bd_toon_ps_nz2.pso
2,0,0,bd_edge_vs_norm.vso,bd_edge_ps.pso
2,0,1,bd_edge_vs_env.vso,bd_edge_ps.pso
4,0,0,bd_cloud_vs.vso,bd_cloud_ps.pso
4,3,0,bd_cloud_vs.vso,bd_cloud_ps_ref.pso
3,0,0,bd_normal_vs_wind.vso,bd_normal_ps_wind.pso
3,1,0,bd_normal_cs_vs_wind.vso,bd_normal_cs_ps.pso
3,2,0,bd_shadowmap_vs_wind.vso,bd_shadowmap_ps.pso
3,3,0,bd_normal_vs_wind.vso,bd_normal_ps_ref.pso
3,5,0,bd_cubeshadowmap_vs_wind.vso,bd_cubeshadowmap_ps.pso
5,0,0,bd_water_vs.vso,bd_water_ps.pso
5,1,0,bd_water_cs_vs.vso,bd_water_cs_ps.pso
6,0,0,bd_normal_vs_effect_norm.vso,bd_normal_ps_effect.pso
6,0,1,bd_normal_vs_effect_env.vso,bd_normal_ps_effect.pso
6,1,0,bd_normal_vs_effect_norm.vso,bd_normal_ps_effect.pso
6,1,1,bd_normal_vs_effect_env.vso,bd_normal_ps_effect.pso
6,3,0,bd_normal_vs_effect_norm.vso,bd_normal_ps_effect_ref.pso
6,3,1,bd_normal_vs_effect_env.vso,bd_normal_ps_effect_ref.pso
7,0,0,bd_waterfall_vs.vso,bd_waterfall_ps.pso
7,1,0,bd_waterfall_cs_vs.vso,bd_waterfall_cs_ps.pso
7,3,0,bd_waterfall_vs.vso,bd_waterfall_ps_ref.pso
8,0,0,bd_lightshaft_vs.vso,bd_lightshaft_ps.pso
8,1,0,bd_lightshaft_vs.vso,bd_lightshaft_ps.pso
8,3,0,bd_lightshaft_vs.vso,bd_lightshaft_ps_ref.pso
9,0,0,bd_glass_vs_norm.vso,bd_glass_ps.pso
9,0,1,bd_glass_vs_env.vso,bd_glass_ps.pso
9,1,0,bd_glass_cs_vs_norm.vso,bd_glass_cs_ps.pso
9,1,1,bd_glass_cs_vs_env.vso,bd_glass_cs_ps.pso
9,3,0,bd_glass_vs_norm.vso,bd_glass_ps_ref.pso
9,3,1,bd_glass_vs_env.vso,bd_glass_ps_ref.pso
10,0,0,bd_caustics_vs.vso,bd_caustics_ps.pso
10,1,0,bd_caustics_cs_vs.vso,bd_caustics_cs_ps.pso
10,3,0,bd_caustics_vs.vso,bd_caustics_ps_ref.pso
11,0,0,bd_mirror_vs_norm.vso,bd_mirror_ps.pso
11,0,1,bd_mirror_vs_env.vso,bd_mirror_ps.pso
11,1,0,bd_mirror_cs_vs_norm.vso,bd_mirror_cs_ps.pso
11,1,1,bd_mirror_cs_vs_env.vso,bd_mirror_cs_ps.pso
11,3,0,bd_mirror_vs_norm.vso,bd_mirror_ps_ref.pso
11,3,1,bd_mirror_vs_env.vso,bd_mirror_ps_ref.pso
12,0,0,bd_normal_vs_norm.vso,bd_ssscatter_ps.pso
12,0,1,bd_normal_vs_env.vso,bd_ssscatter_ps.pso
12,3,0,bd_normal_vs_norm.vso,bd_ssscatter_ps_ref.pso
12,3,1,bd_normal_vs_env.vso,bd_ssscatter_ps_ref.pso
13,0,0,bd_normal_vs_norm.vso,bd_ssscatter_ps_inner.pso
13,0,1,bd_normal_vs_env.vso,bd_ssscatter_ps_inner.pso
15,0,0,bd_fur_vs_norm.vso,bd_fur_ps.pso
15,0,1,bd_fur_vs_env.vso,bd_fur_ps.pso
15,1,0,bd_fur_cs_vs_norm.vso,bd_fur_cs_ps.pso
15,1,1,bd_fur_cs_vs_env.vso,bd_fur_cs_ps.pso
16,0,0,bd_fur_vs_norm.vso,bd_fur_ps_nz1.pso
16,0,1,bd_fur_vs_env.vso,bd_fur_ps_nz1.pso
17,0,0,bd_fur_vs_norm.vso,bd_fur_ps_nz2.pso
17,0,1,bd_fur_vs_env.vso,bd_fur_ps_nz2.pso
18,0,0,bd_blur_vs_norm.vso,bd_blur_ps.pso
18,0,1,bd_blur_vs_env.vso,bd_blur_ps.pso
19,0,0,bd_normal_vs_grassland.vso,bd_normal_ps_grassland.pso
19,2,0,bd_shadowmap_vs_wind.vso,bd_shadowmap_ps.pso
19,3,0,bd_normal_vs_grassland.vso,bd_normal_ps_grassland_ref.pso
20,0,0,bd_normal_vs_wind.vso,bd_normal_ps_barrier.pso
20,1,0,bd_normal_cs_vs_wind.vso,bd_normal_cs_ps_barrier.pso
20,2,0,bd_shadowmap_vs_wind.vso,bd_shadowmap_ps.pso
14,0,0,bd_frescowall_vs_norm.vso,bd_frescowall_ps.pso
14,0,1,bd_frescowall_vs_env.vso,bd_frescowall_ps.pso
24,2,0,bd_shadownull_vs_norm.vso,bd_shadowmap_ps.pso
24,2,1,bd_shadownull_vs_env.vso,bd_shadowmap_ps.pso
25,2,0,bd_shadownull_vs_wind.vso,bd_shadowmap_ps.pso
26,0,0,bd_normal_vs_nolight_norm.vso,bd_normal_ps_nolight.pso
26,0,1,bd_normal_vs_nolight_env.vso,bd_normal_ps_nolight.pso
27,0,0,bd_normal_vs_nosdw_norm.vso,bd_normal_ps_nosdw.pso
27,0,1,bd_normal_vs_nosdw_env.vso,bd_normal_ps_nosdw.pso
28,0,0,bd_normal_vs_norm.vso,bd_normal_ps_dir.pso
28,0,1,bd_normal_vs_env.vso,bd_normal_ps_dir.pso
29,0,0,bd_normal_vs_nosdw_norm.vso,bd_normal_ps_nosdw_dir.pso
29,0,1,bd_normal_vs_nosdw_env.vso,bd_normal_ps_nosdw_dir.pso
30,0,0,bd_normal_vs_norm.vso,bd_normal_ps_spot.pso
30,0,1,bd_normal_vs_env.vso,bd_normal_ps_spot.pso
31,0,0,bd_normal_vs_nosdw_norm.vso,bd_normal_ps_nosdw_spot.pso
31,0,1,bd_normal_vs_nosdw_env.vso,bd_normal_ps_nosdw_spot.pso
